,ig_id,is_HK
0,nwuuu,Hong Kong
1,choisaaaa,Hong Kong
2,wongtsuiyu,Hong Kong
3,heungheungeliza,Hong Kong
4,100mosthk,Hong Kong
5,falachenfala,Hong Kong
6,teodorta,Hong Kong
7,coffee89921,Hong Kong
8,hinscheung,Hong Kong
9,sammi_chengsauman,Hong Kong
10,elaine_yiu,Hong Kong
11,chungkayanlinda,Hong Kong
12,misselvani,Hong Kong
13,wong_manman,Hong Kong
14,arryuu,Hong Kong
15,roxannetong,Hong Kong
16,sharonchanmanchi,Hong Kong
17,missjni,Hong Kong
18,laurinda_ho,Hong Kong
19,tracytschu,Hong Kong
20,jacquelinebwong,Hong Kong
21,ulifestylehk,Hong Kong
22,sammkoling,Hong Kong
23,tinyuilee,Hong Kong
24,edanlui,Hong Kong
25,discoverhongkong,Hong Kong
26,jumbotsang,Hong Kong
27,ltmptofficial,Hong Kong
28,weekendweekly,Hong Kong
29,tavia_yeung,Hong Kong
30,chan.tsz.ying,Hong Kong
31,edwinsiu,Hong Kong
32,crystalfyy,Hong Kong
33,aimeechan_official,Hong Kong
34,rucochan,Hong Kong
35,chenchiyiu,Hong Kong
36,poortravellers,Hong Kong
37,harimaolee,Hong Kong
38,iamkingjer,Hong Kong
39,hoccgoomusic,Hong Kong
40,tosiukiu,Hong Kong
41,wongmanyik,Hong Kong
42,lokyilai,Hong Kong
43,anjaylia,Hong Kong
44,suechangg,Hong Kong
45,zozotam1o1o,Hong Kong
46,guruhung,Hong Kong
47,dr_maret_lee,Hong Kong
48,fhproductionhk,Hong Kong
49,zelia,Hong Kong
50,popsalehk,Hong Kong
51,puinam,Hong Kong
52,joelshanchung,Hong Kong
53,umagazinehk,Hong Kong
54,second_kill,Hong Kong
55,wonghoyinraymond,Hong Kong
56,takanashi_hanariv3v,Hong Kong
57,do_do_cheng,Hong Kong
58,michellewsn,Hong Kong
59,hey.luxury,Hong Kong
60,carlhoudee,Hong Kong
61,ding_2,Hong Kong
62,becarefullee,Hong Kong
63,konniecrab,Hong Kong
64,sulinip,Hong Kong
65,angela.yuen,Hong Kong
66,judy.kwong,Hong Kong
67,paisleyhu,Hong Kong
68,sabrinapingping_,Hong Kong
69,jojoeie1702,Hong Kong
70,kandybubu,Hong Kong
71,53yfp,Hong Kong
72,liliankan,Hong Kong
73,loktungcilla,Hong Kong
74,owencheung,Hong Kong
75,honganc,Hong Kong
76,utravel,Hong Kong
77,kathychow520,Hong Kong
78,tungtungdess,Hong Kong
79,chantalebelle,Hong Kong
80,tinaaaminat,Hong Kong
81,laiwinki,Hong Kong
82,vivivvtam,Hong Kong
83,matthew_hkp,Hong Kong
84,aikonari.art,Hong Kong
85,hailey_jane,Hong Kong
86,ohmamama,Hong Kong
87,lam1hey,Hong Kong
88,jimyan,Hong Kong
89,elannek930,Hong Kong
90,joeythyee,Hong Kong
91,shamshirley,Hong Kong
92,captv.hk,Hong Kong
93,pamelacheung,Hong Kong
94,iancychan,Hong Kong
95,moviematic,Hong Kong
96,michele_monique_reis,Hong Kong
97,jessicahsuan_official,Hong Kong
98,straightblast5,Hong Kong
99,crayon_shinchan1314,Hong Kong
100,wongyuenb,Hong Kong
101,aka_chio,Hong Kong
102,kasin520,Hong Kong
103,zaina_sze,Hong Kong
104,no7,Hong Kong
105,hakkaphil,Hong Kong
106,hkdisneyland,Hong Kong
107,joshua1013,Hong Kong
108,cbbheree,Hong Kong
109,tv5manila,Hong Kong
110,rahrahsong,Hong Kong
111,elenakongmayyee,Hong Kong
112,pangliu,Hong Kong
113,snappy_hk,Hong Kong
114,agneswym,Hong Kong
115,vivianchowwaiman,Hong Kong
116,meethkcom,Hong Kong
117,zoeso0930,Hong Kong
118,roserosemama,Hong Kong
119,beginneros,Hong Kong
120,marialuisaleitao,Hong Kong
121,kittyyuen,Hong Kong
122,bella_lam,Hong Kong
123,jwchubz,Hong Kong
124,mayaoo,Hong Kong
125,bobsyouruncle1981,Hong Kong
126,hongkong.insta,Hong Kong
127,kyliejennersoutfit,Hong Kong
128,herachann,Hong Kong
129,samstailor,Hong Kong
130,lawjoey,Hong Kong
131,wingt,Hong Kong
132,nikehkg,Hong Kong
133,kimi_chiuchiu,Hong Kong
134,sixtycents,Hong Kong
135,lilybethxchen,Hong Kong
136,reginahyt,Hong Kong
137,sophibae,Hong Kong
138,xeniachong,Hong Kong
139,6ixty8ight68,Hong Kong
140,carlosbb,Hong Kong
141,mandieskwok,Hong Kong
142,6sussim,Hong Kong
143,karena_ngs,Hong Kong
144,kellychenwailam,Hong Kong
145,jenniferyuuu,Hong Kong
146,oops_coconut,Hong Kong
147,checkcheckcin,Hong Kong
148,eat_travel_weekly,Hong Kong
149,ashaetc,Hong Kong
150,angus_cwk,Hong Kong
151,cotton_ckc,Hong Kong
152,andreaso_,Hong Kong
153,lukhoo,Hong Kong
154,iloveqq,Hong Kong
155,aliceha,Hong Kong
156,cheronna,Hong Kong
157,kayan.c,Hong Kong
158,leoku,Hong Kong
159,dulahoop12,Hong Kong
160,chufune,Hong Kong
161,saxyphil,Hong Kong
162,chiangel1110,Hong Kong
163,ashinaaa,Hong Kong
164,wingyi127,Hong Kong
165,bpressk,Hong Kong
166,equeen1113,Hong Kong
167,jadelamm,Hong Kong
168,sheepyjoycetang,Hong Kong
169,ginleeginlee,Hong Kong
170,ma_chun_wai,Hong Kong
171,welovehkcity,Hong Kong
172,newmondayplus,Hong Kong
173,candies_wawa,Hong Kong
174,avabibu,Hong Kong
175,stephaniehsau,Hong Kong
176,kwongchunyu,Hong Kong
177,shinkongo,Hong Kong
178,charlie1129999,Hong Kong
179,fredcheng83,Hong Kong
180,hongkong_doll,Hong Kong
181,rainkywai,Hong Kong
182,emilylam.ho,Hong Kong
183,cusonlo,Hong Kong
184,farhanfirms,Hong Kong
185,mingjai14,Hong Kong
186,gwendolyn.spot,Hong Kong
187,wungani,Hong Kong
188,as1.entertainment,Hong Kong
189,klumlee,Hong Kong
190,ipsvipclub,Hong Kong
191,moeenkhanworld,Hong Kong
192,nokkymerszei,Hong Kong
193,unclesiuenglish,Hong Kong
194,maboboma,Hong Kong
195,mechann_,Hong Kong
196,jungraphy_,Hong Kong
197,maanavihomes,Hong Kong
198,sammicheung926,Hong Kong
199,hoi1218,Hong Kong
200,kiwichingg,Hong Kong
201,avery.leung,Hong Kong
202,foodsearchers,Hong Kong
203,slime3d,Hong Kong
204,be_hk,Hong Kong
205,christylaiii,Hong Kong
206,aitorgalcera,Hong Kong
207,scarlett328,Hong Kong
208,lwc_ricko_rlrl,Hong Kong
209,txocreative,Hong Kong
210,kitling_chan,Hong Kong
211,cookingsiulam,Hong Kong
212,hungcl,Hong Kong
213,naminamiting,Hong Kong
214,dino_hira,Hong Kong
215,arhosunny,Hong Kong
216,stephanie_cheng,Hong Kong
217,adapcy,Hong Kong
218,ninabb66,Hong Kong
219,kaaying219,Hong Kong
220,kitling_,Hong Kong
221,angelchu,Hong Kong
222,yanyan_c,Hong Kong
223,28kkss,Hong Kong
224,myprincessyoyo,Hong Kong
225,em_____________,Hong Kong
226,janetchowkawai,Hong Kong
227,charmainefong,Hong Kong
228,kb_kevinboy,Hong Kong
229,ekin_cheng_official,Hong Kong
230,hkfoodtalk,Hong Kong
231,cceciliayeung,Hong Kong
232,tsesaipei,Hong Kong
233,lam2,Hong Kong
234,ryanlau88,Hong Kong
235,viutv,Hong Kong
236,easttouchhk,Hong Kong
237,kakikakileung,Hong Kong
238,rosamundkwan,Hong Kong
239,mikiyeung,Hong Kong
240,cheungstanley,Hong Kong
241,torres_pit,Hong Kong
242,joeyyysze,Hong Kong
243,yylamjayden,Hong Kong
244,jaer_tattoo,Hong Kong
245,playstationhk,Hong Kong
246,westtung,Hong Kong
247,mamamamarket,Hong Kong
248,hkfoodlover,Hong Kong
249,uglykwan,Hong Kong
250,meendeenjinggung,Hong Kong
251,b.machine,Hong Kong
252,neoyau19,Hong Kong
253,ballqueen,Hong Kong
254,fionavibes,Hong Kong
255,903ahjeng,Hong Kong
256,hamida_khatoon_official,Hong Kong
257,kayanyanc,Hong Kong
258,garyveechinese,Hong Kong
259,off____white____hongkong,Hong Kong
260,reererre,Hong Kong
261,kevinsamuelmpg,Hong Kong
262,janice_vidal,Hong Kong
263,yacouoff,Hong Kong
264,joannyle,Hong Kong
265,hktvbfan,Hong Kong
266,wolf_ytbbbb,Hong Kong
267,jacechw,Hong Kong
268,verbeeshiu,Hong Kong
269,icy.wong,Hong Kong
270,byeian,Hong Kong
271,slcofficial_,Hong Kong
272,foodartproject,Hong Kong
273,kingymak,Hong Kong
274,lingchengg,Hong Kong
275,keyforfood,Hong Kong
276,79hkartist,Hong Kong
277,tedzted,Hong Kong
278,keung_show,Hong Kong
279,misha_shia,Hong Kong
280,lsb.co,Hong Kong
281,irinateting,Hong Kong
282,afterschool_hk,Hong Kong
283,jwomusic,Hong Kong
284,jan.tse,Hong Kong
285,lawrenceng_1999,Hong Kong
286,c4candice,Hong Kong
287,karl_ting,Hong Kong
288,cheungwinghong,Hong Kong
289,sofiee_ng,Hong Kong
290,hkppltravell,Hong Kong
291,rickykazaf,Hong Kong
292,aloha6969,Hong Kong
293,orlinskishop,Hong Kong
294,ahfavslife,Hong Kong
295,lovestoryhk,Hong Kong
296,chungshersher,Hong Kong
297,sosouwithlove,Hong Kong
298,kkc_ky,Hong Kong
299,dou6lei5syu1,Hong Kong
300,dreamsmountain_,Hong Kong
301,sandrangky,Hong Kong
302,hungrytv.hk,Hong Kong
303,candy_kamanyuen,Hong Kong
304,jackhero5,Hong Kong
305,tinming7471,Hong Kong
306,lookrightt,Hong Kong
307,nomundodapaula,Hong Kong
308,elleeec,Hong Kong
309,f.o.v_,Hong Kong
310,shangrilayt,Hong Kong
311,xoxofei,Hong Kong
312,chankawoon,Hong Kong
313,lightisthenight,Hong Kong
314,awansauce,Hong Kong
315,moonieckm,Hong Kong
316,bludshot,Hong Kong
317,ly_joxx,Hong Kong
318,di2da,Hong Kong
319,rambler15,Hong Kong
320,christineng,Hong Kong
321,lee.chuen,Hong Kong
322,terencelam0903,Hong Kong
323,ally_manyan,Hong Kong
324,footballnewsexpress,Hong Kong
325,xcanadian,Hong Kong
326,elena1201,Hong Kong
327,kikitamkiki,Hong Kong
328,ah_hin,Hong Kong
329,chuihammer,Hong Kong
330,demosistohkofficial,Hong Kong
331,some2some_,Hong Kong
332,reveeyewear,Hong Kong
333,chingslimeso,Hong Kong
334,mei_ytbbbb,Hong Kong
335,wysminnie,Hong Kong
336,krysellawong,Hong Kong
337,timeouthk,Hong Kong
338,kelvin_yuen_,Hong Kong
339,c2mwen201999,Hong Kong
340,sophieysm,Hong Kong
341,renciysw,Hong Kong
342,amber.tcy,Hong Kong
343,wiyona,Hong Kong
344,karliechung,Hong Kong
345,pantinka,Hong Kong
346,pinkicon_shop,Hong Kong
347,kikoleungyan,Hong Kong
348,leungpakkin,Hong Kong
349,oonatashaoo,Hong Kong
350,kirbysau,Hong Kong
351,jordan_tcm,Hong Kong
352,melomelojai,Hong Kong
353,jackwu823,Hong Kong
354,raywychin,Hong Kong
355,ayanbubi,Hong Kong
356,lqamy,Hong Kong
357,angelc_ky,Hong Kong
358,nabwork,Hong Kong
359,jameswnc,Hong Kong
360,arisa_1010,Hong Kong
361,paulgoor,Hong Kong
362,malisheep,Hong Kong
363,stefanwch,Hong Kong
364,vnthota,Hong Kong
365,ho.ma.de,Hong Kong
366,kulkimoose,Hong Kong
367,lidi_k,Hong Kong
368,happykzee,Hong Kong
369,foodki.may,Hong Kong
370,she.c0m,Hong Kong
371,goodasgoldliving,Hong Kong
372,mymostbeautiful_,Hong Kong
373,lamtszsin413,Hong Kong
374,explore_hongkong,Hong Kong
375,sheryl_leung,Hong Kong
376,barrettbott,Hong Kong
377,carrielam.hksar,Hong Kong
378,agnes.the.foodie,Hong Kong
379,dearjaneofficial,Hong Kong
380,amberchann46,Hong Kong
381,realbasketballcoach,Hong Kong
382,regenc,Hong Kong
383,alamfish,Hong Kong
384,ck.u.chin,Hong Kong
385,leannefu_1027,Hong Kong
386,lauchunhim.terrance,Hong Kong
387,fit1world,Hong Kong
388,cheyuenyuen1228,Hong Kong
389,iam.manson,Hong Kong
390,wonton___tai7,Hong Kong
391,mikymanman,Hong Kong
392,vincychan,Hong Kong
393,strawberryicy,Hong Kong
394,mak_cheung_ching,Hong Kong
395,leekwunyu,Hong Kong
396,choccccc,Hong Kong
397,_kisang_,Hong Kong
398,georgiakategordon,Hong Kong
399,hongkongpoliceforce,Hong Kong
400,loui5ng,Hong Kong
401,lynnx1010,Hong Kong
402,lgvietnam,Hong Kong
403,yuenchingfung,Hong Kong
404,jesso,Hong Kong
405,sweetymagic_hk,Hong Kong
406,peace.matisse,Hong Kong
407,bonnieschan,Hong Kong
408,bluegodzi,Hong Kong
409,no3l,Hong Kong
410,ziyachiang,Hong Kong
411,c.bbbbbbbbbbb,Hong Kong
412,ariunaa_official,Hong Kong
413,playmmo,Hong Kong
414,antwallace,Hong Kong
415,chloechenlove,Hong Kong
416,emilyszemei,Hong Kong
417,winwinchan,Hong Kong
418,annabella.woo,Hong Kong
419,roma_trend,Hong Kong
420,florinda.ho,Hong Kong
421,hinrylau_music,Hong Kong
422,harbourcity,Hong Kong
423,yeunghatou,Hong Kong
424,tpagon,Hong Kong
425,mai.journal,Hong Kong
426,immark_ig,Hong Kong
427,king_mcwhorter,Hong Kong
428,leemaishun,Hong Kong
429,rabeeayeung,Hong Kong
430,clau_slimes,Hong Kong
431,sumsum_dessert,Hong Kong
432,vivi_vivianlaw,Hong Kong
433,esteelauder_hk,Hong Kong
434,inez_leong,Hong Kong
435,harpersbazaarhk,Hong Kong
436,omgbasketball_hk,Hong Kong
437,odyleung,Hong Kong
438,mzcca0.16,Hong Kong
439,mmmorganxz,Hong Kong
440,cherrietam,Hong Kong
441,back6645,Hong Kong
442,llh.story,Hong Kong
443,bestcouple.ten,Hong Kong
444,hkcropcircle,Hong Kong
445,city_sketch,Hong Kong
446,esquirehk,Hong Kong
447,princesshouseee_,Hong Kong
448,manyeeb,Hong Kong
449,magiclouisyan,Hong Kong
450,rositakpyy,Hong Kong
451,beaconcollegehk,Hong Kong
452,babyjohnchoi,Hong Kong
453,polly.cpl,Hong Kong
454,dimdim1125,Hong Kong
455,iamkennethlau,Hong Kong
456,sidebyside_solvency,Hong Kong
457,wongcandy,Hong Kong
458,sassyhongkong,Hong Kong
459,wingshya,Hong Kong
460,yukimaryrosel,Hong Kong
461,tofuyiuuuu,Hong Kong
462,chakwilliam,Hong Kong
463,littlemsfoodie,Hong Kong
464,zaak6naam4,Hong Kong
465,msbonnieleung,Hong Kong
466,kibongesexy,Hong Kong
467,mansonvibes,Hong Kong
468,mr_n_mrs_moon,Hong Kong
469,lamlamjessie,Hong Kong
470,vesta_ko,Hong Kong
471,fiveson5,Hong Kong
472,whitney.hui,Hong Kong
473,w.ballade,Hong Kong
474,yan512,Hong Kong
475,mcheung1201,Hong Kong
476,wyc_wallace_v3v,Hong Kong
477,dkanipe,Hong Kong
478,lily_wong_0703,Hong Kong
479,lennayeung,Hong Kong
480,leungmo,Hong Kong
481,ah7ng,Hong Kong
482,chan_wai_man,Hong Kong
483,cissy.pastel,Hong Kong
484,bie_l,Hong Kong
485,kamchi_chan,Hong Kong
486,better.than.sexx,Hong Kong
487,moannaxdessire,Hong Kong
488,feannasswag,Hong Kong
489,hifivehk,Hong Kong
490,educational_innovations,Hong Kong
491,cynthia.m.s,Hong Kong
492,eddie_ilovefood777,Hong Kong
493,szekikk,Hong Kong
494,emjay_bymichaelsmith,Hong Kong
495,choy_ian,Hong Kong
496,fridaylahk,Hong Kong
497,rene_superawesome,Hong Kong
498,brenlui,Hong Kong
499,dsl_hongkong,Hong Kong
500,yuen_man_kit,Hong Kong
501,soyiuchung,Hong Kong
502,fungblackandwhite,Hong Kong
503,inarosca_,Hong Kong
504,gigi_ggggg,Hong Kong
505,carrie1030,Hong Kong
506,yogachung,Hong Kong
507,sneaker_house88,Hong Kong
508,gta5ous,Hong Kong
509,amandastrang_,Hong Kong
510,julian_taraa,Hong Kong
511,preediwat,Hong Kong
512,simon.diplomacy,Hong Kong
513,rikkolee,Hong Kong
514,ciao_kitchen,Hong Kong
515,rosekwok365,Hong Kong
516,lvlvlcy,Hong Kong
517,crownhill_shoes,Hong Kong
518,dorothyma,Hong Kong
519,szetosifu,Hong Kong
520,catry,Hong Kong
521,saraahshum,Hong Kong
522,johnny__to,Hong Kong
523,elihanaelia,Hong Kong
524,lyricsthings,Hong Kong
525,innarhighfield,Hong Kong
526,chanjanis,Hong Kong
527,mytvsuper,Hong Kong
528,phoebedreamy,Hong Kong
529,bluepongpong,Hong Kong
530,nirmal_sewda,Hong Kong
531,jessicawong_wt,Hong Kong
532,angelaliuy,Hong Kong
533,phoebspang,Hong Kong
534,kabeecheung,Hong Kong
535,graceip,Hong Kong
536,twinshk,Hong Kong
537,travelnphoto,Hong Kong
538,hebechan0510,Hong Kong
539,jaysley,Hong Kong
540,yeungyatka,Hong Kong
541,pepecrabs,Hong Kong
542,dude_clothing,Hong Kong
543,leoball,Hong Kong
544,honam.thehusky,Hong Kong
545,hebeau,Hong Kong
546,sandytooooo,Hong Kong
547,drwilliamlo,Hong Kong
548,fungpoyan,Hong Kong
549,grandmama.store,Hong Kong
550,ntl.fung,Hong Kong
551,our.daily.hk,United Kingdom
552,llokmann,Hong Kong
553,asahina_aya,Japan
554,jacquelinewong0205,Unknown
555,bakedindulgence,Hong Kong
556,licharlia,Unknown
557,vivicheung_runner,Unknown
558,crystalyannie,Unknown
559,tiffanyxtyc,Unknown
560,valeriesyw,Unknown
561,occasionspr,Unknown
562,sonyaaa_ly,Unknown
563,heidi_fpdrawings.hk,Hong Kong
564,saffiesaffie,Unknown
565,myl31666,Unknown
566,xmini.official,Unknown
567,vocemagazine,Japan
568,jerry_liu,Unknown
569,rona.tsui,Unknown
570,blissmeetingfilm,Unknown
571,davezhangphoto,Unknown
572,ameyummycollection,Not shared
573,oneone.siu,Unknown
574,ww917,Unknown
575,claudiepierlot,France
576,maverick_au,Unknown
577,dydybbbb,Unknown
578,ellagross,United States
579,thewavehk,Unknown
580,boboy831,Unknown
581,model_sweet02,Unknown
582,jillieong,Unknown
583,albee_be,Hong Kong
584,francois.delaire,Unknown
585,theworlds50best,United Kingdom
586,chefsroll,United States
587,theartofplating,United States
588,bmb_bakery,Russia
589,guillaumemabilleau,France
590,tortikannuchka,Russia
591,cedricgrolet,France
592,sophiachang,United States
593,heyclaire,United States
594,bake.your.own,Hong Kong
595,coffeecmakeup,Unknown
596,tsetakhim,Unknown
597,wuyanching,Unknown
598,polocyl,Unknown
599,minimoofashion,Hong Kong
600,renefurtererhk,Unknown
601,theyeechoo,Unknown
602,santiagokwok12,Unknown
603,bowiechoibuiyi,Unknown
604,rachellyt,Unknown
605,patrickng06,Unknown
606,phyleefehleh,Unknown
607,yeunganne,Unknown
608,kellustration,Unknown
609,w___toko,Unknown
610,tanya.tintin,Unknown
611,nozomisasaki_official,Japan
612,chloeleongg_,Malaysia
613,kikomilano,Italy
614,playmaker,United States
615,rimazeidan51,Not shared
616,birdieparva,Thailand
617,baibaihe_yep,Unknown
618,yangyangfavour,Belgium
619,boo_chong,Unknown
620,refife.official,Indonesia
621,thefoodpunch,Unknown
622,needatajkhan,Unknown
623,melvinjohnrodas,Philippines
624,margaretzhang,China
625,haiirplay,Not shared
626,gedition.co,Unknown
627,miyeonjj,Unknown
628,_chellechan,Unknown
629,c_allstar,Hong Kong
630,kyo1122,South Korea
631,axleviolet,Unknown
632,davidbeckham,United Kingdom
633,janetagram,United States
634,dannysummermusic,Unknown
635,tarikedizofficial,Turkey
636,victoriassecret,United States
637,maybemeii,Unknown
638,ellirose,Japan
639,minchen333,Hong Kong
640,manner__official,Macau
641,jjackielauu,Hong Kong
642,siuhinng,Unknown
643,hkfoodie_lifestyle,Unknown
644,esther_xinti,Taiwan
645,bonnieyiuu,Unknown
646,felicetrips,Unknown
647,seeing2sea,Unknown
648,limankit_lizli,Hong Kong
649,missjelly,Unknown
650,yellowhk_ig,Unknown
651,unseen,Unknown
652,kwcmh,Unknown
653,benz_hui,Singapore
654,yancychu,Unknown
655,cherrymeme__,Unknown
656,rosinalam,Hong Kong
657,mensunohk,Hong Kong
658,dreamy_touch,Unknown
659,solvilettitusofficial,Hong Kong
660,greenmonday.david,Unknown
661,torontofoodvibes,Unknown
662,danielwellington,Sweden
663,vivihk_official,Unknown
664,natgeointhefield,United States
665,drcarenyoga,Unknown
666,visubal,Netherlands
667,misslilyho,Unknown
668,neomusicproduction,Unknown
669,sis_official_ig,Unknown
670,tyreseakf,Hong Kong
671,simon_c,Unknown
672,plasticthing,Hong Kong
673,kaikaiko,Taiwan
674,bowiecheungx,Unknown
675,nigo,Japan
676,lexituan,Unknown
677,tysonchak,Unknown
678,vvyeo,Hong Kong
679,cherryhui0925,Unknown
680,mangielo,Hong Kong
681,chit_chak,Unknown
682,iamchoiching,Hong Kong
683,joanneyew_,Unknown
684,hcfiona,Unknown
685,lokyi_mui,Hong Kong
686,vinaccccccc,Unknown
687,wifiegg,Unknown
688,callstar.assemble,Unknown
689,kerrytachau,Unknown
690,helpmesee,Unknown
691,tobey.m___,Unknown
692,hkprideparade,Unknown
693,billy_onstage,Unknown
694,apmhk,Unknown
695,amy.chai.is.drawing,Unknown
696,clubmonaco,United States
697,syanleung,Unknown
698,izzue,Unknown
699,official.angelahang,Unknown
700,showoffhk,Unknown
701,cosstores,United Kingdom
702,levis,Hong Kong
703,zpecial_hk,Unknown
704,smilesproduction,Unknown
705,mastamic,Unknown
706,skechershk,Hong Kong
707,craigdavid,United Kingdom
708,privatezoo,Unknown
709,yehyan426,Unknown
710,alysonhau,Unknown
711,rickysham,Unknown
712,bertliu744,Unknown
713,asartisticasyou,Unknown
714,this.is.1218,Unknown
715,sineo_sy,Unknown
716,kingyu__,Unknown
717,agaseen,Hong Kong
718,huidi_shi,Unknown
719,fen_yuen,Unknown
720,mingfai_yick,Unknown
721,pelilam,Unknown
722,algogo,Unknown
723,bennieandmaple,Unknown
724,cheungyauyu,Unknown
725,brianyuen_chico,Unknown
726,sawadikap__kenny,Taiwan
727,chenghao.shih,Unknown
728,echodancehk,Unknown
729,willpan23,Taiwan
730,numberonepr,Hong Kong
731,kovischa_,Unknown
732,bread_bulubulu,Hong Kong
733,jam_cutepig,Taiwan
734,welbychung,Unknown
735,jlin7,United States
736,babyxshadow,Hong Kong
737,lokyin_cg,Unknown
738,kimmanw,Unknown
739,kasper0524,South Korea
740,jolin_cai,Taiwan
741,ohkoeboo,Unknown
742,gracechowwwww,China
743,layzhang,United States
744,edwardmusicproduction,Unknown
745,wayne_ky,Unknown
746,tingho.zayn,Unknown
747,jawnha,United States
748,_marimadrid,United States
749,kinjaz,United States
750,kaening,Hong Kong
751,facda,Unknown
