,is_HK_x,ig_id,is_HK_y
0,Hong Kong,nwuuu,Hong Kong
1,Hong Kong,choisaaaa,Hong Kong
2,Hong Kong,wongtsuiyu,Hong Kong
3,Hong Kong,heungheungeliza,Hong Kong
4,Hong Kong,100mosthk,Hong Kong
5,Hong Kong,falachenfala,Hong Kong
6,Hong Kong,teodorta,Hong Kong
7,Hong Kong,coffee89921,Hong Kong
8,Hong Kong,hinscheung,Hong Kong
9,Hong Kong,sammi_chengsauman,Hong Kong
10,Hong Kong,elaine_yiu,Hong Kong
11,Hong Kong,chungkayanlinda,Hong Kong
12,Hong Kong,misselvani,Hong Kong
13,Hong Kong,wong_manman,Hong Kong
14,Hong Kong,arryuu,Hong Kong
15,Hong Kong,roxannetong,Hong Kong
16,Hong Kong,sharonchanmanchi,Hong Kong
17,Hong Kong,missjni,Hong Kong
18,Hong Kong,laurinda_ho,Hong Kong
19,Hong Kong,tracytschu,Hong Kong
20,Hong Kong,jacquelinebwong,Hong Kong
21,Hong Kong,ulifestylehk,Hong Kong
22,Hong Kong,sammkoling,Hong Kong
23,Hong Kong,tinyuilee,Hong Kong
24,Hong Kong,edanlui,Hong Kong
25,Hong Kong,discoverhongkong,Hong Kong
26,Hong Kong,jumbotsang,Hong Kong
27,Hong Kong,ltmptofficial,Hong Kong
28,Hong Kong,weekendweekly,Hong Kong
29,Hong Kong,tavia_yeung,Hong Kong
30,Hong Kong,chan.tsz.ying,Hong Kong
31,Hong Kong,edwinsiu,Hong Kong
32,Hong Kong,crystalfyy,Hong Kong
33,Hong Kong,aimeechan_official,Hong Kong
34,Hong Kong,rucochan,Hong Kong
35,Hong Kong,chenchiyiu,Hong Kong
36,Hong Kong,poortravellers,Hong Kong
37,Hong Kong,harimaolee,Hong Kong
38,Hong Kong,iamkingjer,Hong Kong
39,Hong Kong,hoccgoomusic,Hong Kong
40,Hong Kong,tosiukiu,Hong Kong
41,Hong Kong,wongmanyik,Hong Kong
42,Hong Kong,lokyilai,Hong Kong
43,Hong Kong,anjaylia,Hong Kong
44,Hong Kong,suechangg,Hong Kong
45,Hong Kong,zozotam1o1o,Hong Kong
46,Hong Kong,guruhung,Hong Kong
47,Hong Kong,dr_maret_lee,Hong Kong
48,Hong Kong,fhproductionhk,Hong Kong
49,Hong Kong,zelia,Hong Kong
50,Hong Kong,popsalehk,Hong Kong
51,Hong Kong,puinam,Hong Kong
52,Hong Kong,joelshanchung,Hong Kong
53,Hong Kong,umagazinehk,Hong Kong
54,Hong Kong,second_kill,Hong Kong
55,Hong Kong,wonghoyinraymond,Hong Kong
56,Hong Kong,takanashi_hanariv3v,Hong Kong
57,Hong Kong,do_do_cheng,Hong Kong
58,Hong Kong,michellewsn,Hong Kong
59,Hong Kong,hey.luxury,Hong Kong
60,Hong Kong,carlhoudee,Hong Kong
61,Hong Kong,ding_2,Hong Kong
62,Hong Kong,becarefullee,Hong Kong
63,Hong Kong,konniecrab,Hong Kong
64,Hong Kong,sulinip,Hong Kong
65,Hong Kong,angela.yuen,Hong Kong
66,Hong Kong,judy.kwong,Hong Kong
67,Hong Kong,paisleyhu,Hong Kong
68,Hong Kong,sabrinapingping_,Hong Kong
69,Hong Kong,jojoeie1702,Hong Kong
70,Hong Kong,kandybubu,Hong Kong
71,Hong Kong,53yfp,Hong Kong
72,Hong Kong,liliankan,Hong Kong
73,Hong Kong,loktungcilla,Hong Kong
74,Hong Kong,owencheung,Hong Kong
75,Hong Kong,honganc,Hong Kong
76,Hong Kong,utravel,Hong Kong
77,Hong Kong,kathychow520,Hong Kong
78,Hong Kong,tungtungdess,Hong Kong
79,Hong Kong,chantalebelle,Hong Kong
80,Hong Kong,tinaaaminat,Hong Kong
81,Hong Kong,laiwinki,Hong Kong
82,Hong Kong,vivivvtam,Hong Kong
83,Hong Kong,matthew_hkp,Hong Kong
84,Hong Kong,aikonari.art,Hong Kong
85,Hong Kong,hailey_jane,Hong Kong
86,Hong Kong,ohmamama,Hong Kong
87,Hong Kong,lam1hey,Hong Kong
88,Hong Kong,jimyan,Hong Kong
89,Hong Kong,elannek930,Hong Kong
90,Hong Kong,joeythyee,Hong Kong
91,Hong Kong,shamshirley,Hong Kong
92,Hong Kong,captv.hk,Hong Kong
93,Hong Kong,pamelacheung,Hong Kong
94,Hong Kong,iancychan,Hong Kong
95,Hong Kong,moviematic,Hong Kong
96,Hong Kong,michele_monique_reis,Hong Kong
97,Hong Kong,jessicahsuan_official,Hong Kong
98,Hong Kong,straightblast5,Hong Kong
99,Hong Kong,crayon_shinchan1314,Hong Kong
100,Hong Kong,wongyuenb,Hong Kong
101,Hong Kong,aka_chio,Hong Kong
102,Hong Kong,kasin520,Hong Kong
103,Hong Kong,zaina_sze,Hong Kong
104,Hong Kong,no7,Hong Kong
105,Hong Kong,hakkaphil,Hong Kong
106,Hong Kong,hkdisneyland,Hong Kong
107,Hong Kong,joshua1013,Hong Kong
108,Hong Kong,cbbheree,Hong Kong
109,Hong Kong,tv5manila,Hong Kong
110,Hong Kong,rahrahsong,Hong Kong
111,Hong Kong,elenakongmayyee,Hong Kong
112,Hong Kong,pangliu,Hong Kong
113,Hong Kong,snappy_hk,Hong Kong
114,Hong Kong,agneswym,Hong Kong
115,Hong Kong,vivianchowwaiman,Hong Kong
116,Hong Kong,meethkcom,Hong Kong
117,Hong Kong,zoeso0930,Hong Kong
118,Hong Kong,roserosemama,Hong Kong
119,Hong Kong,beginneros,Hong Kong
120,Hong Kong,marialuisaleitao,Hong Kong
121,Hong Kong,kittyyuen,Hong Kong
122,Hong Kong,bella_lam,Hong Kong
123,Hong Kong,jwchubz,Hong Kong
124,Hong Kong,mayaoo,Hong Kong
125,Hong Kong,bobsyouruncle1981,Hong Kong
126,Hong Kong,hongkong.insta,Hong Kong
127,Hong Kong,kyliejennersoutfit,Hong Kong
128,Hong Kong,herachann,Hong Kong
129,Hong Kong,samstailor,Hong Kong
130,Hong Kong,lawjoey,Hong Kong
131,Hong Kong,wingt,Hong Kong
132,Hong Kong,nikehkg,Hong Kong
133,Hong Kong,kimi_chiuchiu,Hong Kong
134,Hong Kong,sixtycents,Hong Kong
135,Hong Kong,lilybethxchen,Hong Kong
136,Hong Kong,reginahyt,Hong Kong
137,Hong Kong,sophibae,Hong Kong
138,Hong Kong,xeniachong,Hong Kong
139,Hong Kong,6ixty8ight68,Hong Kong
140,Hong Kong,carlosbb,Hong Kong
141,Hong Kong,mandieskwok,Hong Kong
142,Hong Kong,6sussim,Hong Kong
143,Hong Kong,karena_ngs,Hong Kong
144,Hong Kong,kellychenwailam,Hong Kong
145,Hong Kong,jenniferyuuu,Hong Kong
146,Hong Kong,oops_coconut,Hong Kong
147,Hong Kong,checkcheckcin,Hong Kong
148,Hong Kong,eat_travel_weekly,Hong Kong
149,Hong Kong,ashaetc,Hong Kong
150,Hong Kong,angus_cwk,Hong Kong
151,Hong Kong,cotton_ckc,Hong Kong
152,Hong Kong,andreaso_,Hong Kong
153,Hong Kong,lukhoo,Hong Kong
154,Hong Kong,iloveqq,Hong Kong
155,Hong Kong,aliceha,Hong Kong
156,Hong Kong,cheronna,Hong Kong
157,Hong Kong,kayan.c,Hong Kong
158,Hong Kong,leoku,Hong Kong
159,Hong Kong,dulahoop12,Hong Kong
160,Hong Kong,chufune,Hong Kong
161,Hong Kong,saxyphil,Hong Kong
162,Hong Kong,chiangel1110,Hong Kong
163,Hong Kong,ashinaaa,Hong Kong
164,Hong Kong,wingyi127,Hong Kong
165,Hong Kong,bpressk,Hong Kong
166,Hong Kong,equeen1113,Hong Kong
167,Hong Kong,jadelamm,Hong Kong
168,Hong Kong,sheepyjoycetang,Hong Kong
169,Hong Kong,ginleeginlee,Hong Kong
170,Hong Kong,ma_chun_wai,Hong Kong
171,Hong Kong,welovehkcity,Hong Kong
172,Hong Kong,newmondayplus,Hong Kong
173,Hong Kong,candies_wawa,Hong Kong
174,Hong Kong,avabibu,Hong Kong
175,Hong Kong,stephaniehsau,Hong Kong
176,Hong Kong,kwongchunyu,Hong Kong
177,Hong Kong,shinkongo,Hong Kong
178,Hong Kong,charlie1129999,Hong Kong
179,Hong Kong,fredcheng83,Hong Kong
180,Hong Kong,hongkong_doll,Hong Kong
181,Hong Kong,rainkywai,Hong Kong
182,Hong Kong,emilylam.ho,Hong Kong
183,Hong Kong,cusonlo,Hong Kong
184,Hong Kong,farhanfirms,Hong Kong
185,Hong Kong,mingjai14,Hong Kong
186,Hong Kong,gwendolyn.spot,Hong Kong
187,Hong Kong,wungani,Hong Kong
188,Hong Kong,as1.entertainment,Hong Kong
189,Hong Kong,klumlee,Hong Kong
190,Hong Kong,ipsvipclub,Hong Kong
191,Hong Kong,moeenkhanworld,Hong Kong
192,Hong Kong,nokkymerszei,Hong Kong
193,Hong Kong,unclesiuenglish,Hong Kong
194,Hong Kong,maboboma,Hong Kong
195,Hong Kong,mechann_,Hong Kong
196,Hong Kong,jungraphy_,Hong Kong
197,Hong Kong,maanavihomes,Hong Kong
198,Hong Kong,sammicheung926,Hong Kong
199,Hong Kong,hoi1218,Hong Kong
200,Hong Kong,kiwichingg,Hong Kong
201,Hong Kong,avery.leung,Hong Kong
202,Hong Kong,foodsearchers,Hong Kong
203,Hong Kong,slime3d,Hong Kong
204,Hong Kong,be_hk,Hong Kong
205,Hong Kong,christylaiii,Hong Kong
206,Hong Kong,aitorgalcera,Hong Kong
207,Hong Kong,scarlett328,Hong Kong
208,Hong Kong,lwc_ricko_rlrl,Hong Kong
209,Hong Kong,txocreative,Hong Kong
210,Hong Kong,kitling_chan,Hong Kong
211,Hong Kong,cookingsiulam,Hong Kong
212,Hong Kong,hungcl,Hong Kong
213,Hong Kong,naminamiting,Hong Kong
214,Hong Kong,dino_hira,Hong Kong
215,Hong Kong,arhosunny,Hong Kong
216,Hong Kong,stephanie_cheng,Hong Kong
217,Hong Kong,adapcy,Hong Kong
218,Hong Kong,ninabb66,Hong Kong
219,Hong Kong,kaaying219,Hong Kong
220,Hong Kong,kitling_,Hong Kong
221,Hong Kong,angelchu,Hong Kong
222,Hong Kong,yanyan_c,Hong Kong
223,Hong Kong,28kkss,Hong Kong
224,Hong Kong,myprincessyoyo,Hong Kong
225,Hong Kong,em_____________,Hong Kong
226,Hong Kong,janetchowkawai,Hong Kong
227,Hong Kong,charmainefong,Hong Kong
228,Hong Kong,kb_kevinboy,Hong Kong
229,Hong Kong,ekin_cheng_official,Hong Kong
230,Hong Kong,hkfoodtalk,Hong Kong
231,Hong Kong,cceciliayeung,Hong Kong
232,Hong Kong,tsesaipei,Hong Kong
233,Hong Kong,lam2,Hong Kong
234,Hong Kong,ryanlau88,Hong Kong
235,Hong Kong,viutv,Hong Kong
236,Hong Kong,easttouchhk,Hong Kong
237,Hong Kong,kakikakileung,Hong Kong
238,Hong Kong,rosamundkwan,Hong Kong
239,Hong Kong,mikiyeung,Hong Kong
240,Hong Kong,cheungstanley,Hong Kong
241,Hong Kong,torres_pit,Hong Kong
242,Hong Kong,joeyyysze,Hong Kong
243,Hong Kong,yylamjayden,Hong Kong
244,Hong Kong,jaer_tattoo,Hong Kong
245,Hong Kong,playstationhk,Hong Kong
246,Hong Kong,westtung,Hong Kong
247,Hong Kong,mamamamarket,Hong Kong
248,Hong Kong,hkfoodlover,Hong Kong
249,Hong Kong,uglykwan,Hong Kong
250,Hong Kong,meendeenjinggung,Hong Kong
251,Hong Kong,b.machine,Hong Kong
252,Hong Kong,neoyau19,Hong Kong
253,Hong Kong,ballqueen,Hong Kong
254,Hong Kong,fionavibes,Hong Kong
255,Hong Kong,903ahjeng,Hong Kong
256,Hong Kong,hamida_khatoon_official,Hong Kong
257,Hong Kong,kayanyanc,Hong Kong
258,Hong Kong,garyveechinese,Hong Kong
259,Hong Kong,off____white____hongkong,Hong Kong
260,Hong Kong,reererre,Hong Kong
261,Hong Kong,kevinsamuelmpg,Hong Kong
262,Hong Kong,janice_vidal,Hong Kong
263,Hong Kong,yacouoff,Hong Kong
264,Hong Kong,joannyle,Hong Kong
265,Hong Kong,hktvbfan,Hong Kong
266,Hong Kong,wolf_ytbbbb,Hong Kong
267,Hong Kong,jacechw,Hong Kong
268,Hong Kong,verbeeshiu,Hong Kong
269,Hong Kong,icy.wong,Hong Kong
270,Hong Kong,byeian,Hong Kong
271,Hong Kong,slcofficial_,Hong Kong
272,Hong Kong,foodartproject,Hong Kong
273,Hong Kong,kingymak,Hong Kong
274,Hong Kong,lingchengg,Hong Kong
275,Hong Kong,keyforfood,Hong Kong
276,Hong Kong,79hkartist,Hong Kong
277,Hong Kong,tedzted,Hong Kong
278,Hong Kong,keung_show,Hong Kong
279,Hong Kong,misha_shia,Hong Kong
280,Hong Kong,lsb.co,Hong Kong
281,Hong Kong,irinateting,Hong Kong
282,Hong Kong,afterschool_hk,Hong Kong
283,Hong Kong,jwomusic,Hong Kong
284,Hong Kong,jan.tse,Hong Kong
285,Hong Kong,lawrenceng_1999,Hong Kong
286,Hong Kong,c4candice,Hong Kong
287,Hong Kong,karl_ting,Hong Kong
288,Hong Kong,cheungwinghong,Hong Kong
289,Hong Kong,sofiee_ng,Hong Kong
290,Hong Kong,hkppltravell,Hong Kong
291,Hong Kong,rickykazaf,Hong Kong
292,Hong Kong,aloha6969,Hong Kong
293,Hong Kong,orlinskishop,Hong Kong
294,Hong Kong,ahfavslife,Hong Kong
295,Hong Kong,lovestoryhk,Hong Kong
296,Hong Kong,chungshersher,Hong Kong
297,Hong Kong,sosouwithlove,Hong Kong
298,Hong Kong,kkc_ky,Hong Kong
299,Hong Kong,dou6lei5syu1,Hong Kong
300,Hong Kong,dreamsmountain_,Hong Kong
301,Hong Kong,sandrangky,Hong Kong
302,Hong Kong,hungrytv.hk,Hong Kong
303,Hong Kong,candy_kamanyuen,Hong Kong
304,Hong Kong,jackhero5,Hong Kong
305,Hong Kong,tinming7471,Hong Kong
306,Hong Kong,lookrightt,Hong Kong
307,Hong Kong,nomundodapaula,Hong Kong
308,Hong Kong,elleeec,Hong Kong
309,Hong Kong,f.o.v_,Hong Kong
310,Hong Kong,shangrilayt,Hong Kong
311,Hong Kong,xoxofei,Hong Kong
312,Hong Kong,chankawoon,Hong Kong
313,Hong Kong,lightisthenight,Hong Kong
314,Hong Kong,awansauce,Hong Kong
315,Hong Kong,moonieckm,Hong Kong
316,Hong Kong,bludshot,Hong Kong
317,Hong Kong,ly_joxx,Hong Kong
318,Hong Kong,di2da,Hong Kong
319,Hong Kong,rambler15,Hong Kong
320,Hong Kong,christineng,Hong Kong
321,Hong Kong,lee.chuen,Hong Kong
322,Hong Kong,terencelam0903,Hong Kong
323,Hong Kong,ally_manyan,Hong Kong
324,Hong Kong,footballnewsexpress,Hong Kong
325,Hong Kong,xcanadian,Hong Kong
326,Hong Kong,elena1201,Hong Kong
327,Hong Kong,kikitamkiki,Hong Kong
328,Hong Kong,ah_hin,Hong Kong
329,Hong Kong,chuihammer,Hong Kong
330,Hong Kong,demosistohkofficial,Hong Kong
331,Hong Kong,some2some_,Hong Kong
332,Hong Kong,reveeyewear,Hong Kong
333,Hong Kong,chingslimeso,Hong Kong
334,Hong Kong,mei_ytbbbb,Hong Kong
335,Hong Kong,wysminnie,Hong Kong
336,Hong Kong,krysellawong,Hong Kong
337,Hong Kong,timeouthk,Hong Kong
338,Hong Kong,kelvin_yuen_,Hong Kong
339,Hong Kong,c2mwen201999,Hong Kong
340,Hong Kong,sophieysm,Hong Kong
341,Hong Kong,renciysw,Hong Kong
342,Hong Kong,amber.tcy,Hong Kong
343,Hong Kong,wiyona,Hong Kong
344,Hong Kong,karliechung,Hong Kong
345,Hong Kong,pantinka,Hong Kong
346,Hong Kong,pinkicon_shop,Hong Kong
347,Hong Kong,kikoleungyan,Hong Kong
348,Hong Kong,leungpakkin,Hong Kong
349,Hong Kong,oonatashaoo,Hong Kong
350,Hong Kong,kirbysau,Hong Kong
351,Hong Kong,jordan_tcm,Hong Kong
352,Hong Kong,melomelojai,Hong Kong
353,Hong Kong,jackwu823,Hong Kong
354,Hong Kong,raywychin,Hong Kong
355,Hong Kong,ayanbubi,Hong Kong
356,Hong Kong,lqamy,Hong Kong
357,Hong Kong,angelc_ky,Hong Kong
358,Hong Kong,nabwork,Hong Kong
359,Hong Kong,jameswnc,Hong Kong
360,Hong Kong,arisa_1010,Hong Kong
361,Hong Kong,paulgoor,Hong Kong
362,Hong Kong,malisheep,Hong Kong
363,Hong Kong,stefanwch,Hong Kong
364,Hong Kong,vnthota,Hong Kong
365,Hong Kong,ho.ma.de,Hong Kong
366,Hong Kong,kulkimoose,Hong Kong
367,Hong Kong,lidi_k,Hong Kong
368,Hong Kong,happykzee,Hong Kong
369,Hong Kong,foodki.may,Hong Kong
370,Hong Kong,she.c0m,Hong Kong
371,Hong Kong,goodasgoldliving,Hong Kong
372,Hong Kong,mymostbeautiful_,Hong Kong
373,Hong Kong,lamtszsin413,Hong Kong
374,Hong Kong,explore_hongkong,Hong Kong
375,Hong Kong,sheryl_leung,Hong Kong
376,Hong Kong,barrettbott,Hong Kong
377,Hong Kong,carrielam.hksar,Hong Kong
378,Hong Kong,agnes.the.foodie,Hong Kong
379,Hong Kong,dearjaneofficial,Hong Kong
380,Hong Kong,amberchann46,Hong Kong
381,Hong Kong,realbasketballcoach,Hong Kong
382,Hong Kong,regenc,Hong Kong
383,Hong Kong,alamfish,Hong Kong
384,Hong Kong,ck.u.chin,Hong Kong
385,Hong Kong,leannefu_1027,Hong Kong
386,Hong Kong,lauchunhim.terrance,Hong Kong
387,Hong Kong,fit1world,Hong Kong
388,Hong Kong,cheyuenyuen1228,Hong Kong
389,Hong Kong,iam.manson,Hong Kong
390,Hong Kong,wonton___tai7,Hong Kong
391,Hong Kong,mikymanman,Hong Kong
392,Hong Kong,vincychan,Hong Kong
393,Hong Kong,strawberryicy,Hong Kong
394,Hong Kong,mak_cheung_ching,Hong Kong
395,Hong Kong,leekwunyu,Hong Kong
396,Hong Kong,choccccc,Hong Kong
397,Hong Kong,_kisang_,Hong Kong
398,Hong Kong,georgiakategordon,Hong Kong
399,Hong Kong,hongkongpoliceforce,Hong Kong
400,Hong Kong,loui5ng,Hong Kong
401,Hong Kong,lynnx1010,Hong Kong
402,Hong Kong,lgvietnam,Hong Kong
403,Hong Kong,yuenchingfung,Hong Kong
404,Hong Kong,jesso,Hong Kong
405,Hong Kong,sweetymagic_hk,Hong Kong
406,Hong Kong,peace.matisse,Hong Kong
407,Hong Kong,bonnieschan,Hong Kong
408,Hong Kong,bluegodzi,Hong Kong
409,Hong Kong,no3l,Hong Kong
410,Hong Kong,ziyachiang,Hong Kong
411,Hong Kong,c.bbbbbbbbbbb,Hong Kong
412,Hong Kong,ariunaa_official,Hong Kong
413,Hong Kong,playmmo,Hong Kong
414,Hong Kong,antwallace,Hong Kong
415,Hong Kong,chloechenlove,Hong Kong
416,Hong Kong,emilyszemei,Hong Kong
417,Hong Kong,winwinchan,Hong Kong
418,Hong Kong,annabella.woo,Hong Kong
419,Hong Kong,roma_trend,Hong Kong
420,Hong Kong,florinda.ho,Hong Kong
421,Hong Kong,hinrylau_music,Hong Kong
422,Hong Kong,harbourcity,Hong Kong
423,Hong Kong,yeunghatou,Hong Kong
424,Hong Kong,tpagon,Hong Kong
425,Hong Kong,mai.journal,Hong Kong
426,Hong Kong,immark_ig,Hong Kong
427,Hong Kong,king_mcwhorter,Hong Kong
428,Hong Kong,leemaishun,Hong Kong
429,Hong Kong,rabeeayeung,Hong Kong
430,Hong Kong,clau_slimes,Hong Kong
431,Hong Kong,sumsum_dessert,Hong Kong
432,Hong Kong,vivi_vivianlaw,Hong Kong
433,Hong Kong,esteelauder_hk,Hong Kong
434,Hong Kong,inez_leong,Hong Kong
435,Hong Kong,harpersbazaarhk,Hong Kong
436,Hong Kong,omgbasketball_hk,Hong Kong
437,Hong Kong,odyleung,Hong Kong
438,Hong Kong,mzcca0.16,Hong Kong
439,Hong Kong,mmmorganxz,Hong Kong
440,Hong Kong,cherrietam,Hong Kong
441,Hong Kong,back6645,Hong Kong
442,Hong Kong,llh.story,Hong Kong
443,Hong Kong,bestcouple.ten,Hong Kong
444,Hong Kong,hkcropcircle,Hong Kong
445,Hong Kong,city_sketch,Hong Kong
446,Hong Kong,esquirehk,Hong Kong
447,Hong Kong,princesshouseee_,Hong Kong
448,Hong Kong,manyeeb,Hong Kong
449,Hong Kong,magiclouisyan,Hong Kong
450,Hong Kong,rositakpyy,Hong Kong
451,Hong Kong,beaconcollegehk,Hong Kong
452,Hong Kong,babyjohnchoi,Hong Kong
453,Hong Kong,polly.cpl,Hong Kong
454,Hong Kong,dimdim1125,Hong Kong
455,Hong Kong,iamkennethlau,Hong Kong
456,Hong Kong,sidebyside_solvency,Hong Kong
457,Hong Kong,wongcandy,Hong Kong
458,Hong Kong,sassyhongkong,Hong Kong
459,Hong Kong,wingshya,Hong Kong
460,Hong Kong,yukimaryrosel,Hong Kong
461,Hong Kong,tofuyiuuuu,Hong Kong
462,Hong Kong,chakwilliam,Hong Kong
463,Hong Kong,littlemsfoodie,Hong Kong
464,Hong Kong,zaak6naam4,Hong Kong
465,Hong Kong,msbonnieleung,Hong Kong
466,Hong Kong,kibongesexy,Hong Kong
467,Hong Kong,mansonvibes,Hong Kong
468,Hong Kong,mr_n_mrs_moon,Hong Kong
469,Hong Kong,lamlamjessie,Hong Kong
470,Hong Kong,vesta_ko,Hong Kong
471,Hong Kong,fiveson5,Hong Kong
472,Hong Kong,whitney.hui,Hong Kong
473,Hong Kong,w.ballade,Hong Kong
474,Hong Kong,yan512,Hong Kong
475,Hong Kong,mcheung1201,Hong Kong
476,Hong Kong,wyc_wallace_v3v,Hong Kong
477,Hong Kong,dkanipe,Hong Kong
478,Hong Kong,lily_wong_0703,Hong Kong
479,Hong Kong,lennayeung,Hong Kong
480,Hong Kong,leungmo,Hong Kong
481,Hong Kong,ah7ng,Hong Kong
482,Hong Kong,chan_wai_man,Hong Kong
483,Hong Kong,cissy.pastel,Hong Kong
484,Hong Kong,bie_l,Hong Kong
485,Hong Kong,kamchi_chan,Hong Kong
486,Hong Kong,better.than.sexx,Hong Kong
487,Hong Kong,moannaxdessire,Hong Kong
488,Hong Kong,feannasswag,Hong Kong
489,Hong Kong,hifivehk,Hong Kong
490,Hong Kong,educational_innovations,Hong Kong
491,Hong Kong,cynthia.m.s,Hong Kong
492,Hong Kong,eddie_ilovefood777,Hong Kong
493,Hong Kong,szekikk,Hong Kong
494,Hong Kong,emjay_bymichaelsmith,Hong Kong
495,Hong Kong,choy_ian,Hong Kong
496,Hong Kong,fridaylahk,Hong Kong
497,Hong Kong,rene_superawesome,Hong Kong
498,Hong Kong,brenlui,Hong Kong
499,Hong Kong,dsl_hongkong,Hong Kong
500,Hong Kong,yuen_man_kit,Hong Kong
501,Hong Kong,soyiuchung,Hong Kong
502,Hong Kong,fungblackandwhite,Hong Kong
503,Hong Kong,inarosca_,Hong Kong
504,Hong Kong,gigi_ggggg,Hong Kong
505,Hong Kong,carrie1030,Hong Kong
506,Hong Kong,yogachung,Hong Kong
507,Hong Kong,sneaker_house88,Hong Kong
508,Hong Kong,gta5ous,Hong Kong
509,Hong Kong,amandastrang_,Hong Kong
510,Hong Kong,julian_taraa,Hong Kong
511,Hong Kong,preediwat,Hong Kong
512,Hong Kong,simon.diplomacy,Hong Kong
513,Hong Kong,rikkolee,Hong Kong
514,Hong Kong,ciao_kitchen,Hong Kong
515,Hong Kong,rosekwok365,Hong Kong
516,Hong Kong,lvlvlcy,Hong Kong
517,Hong Kong,crownhill_shoes,Hong Kong
518,Hong Kong,dorothyma,Hong Kong
519,Hong Kong,szetosifu,Hong Kong
520,Hong Kong,catry,Hong Kong
521,Hong Kong,saraahshum,Hong Kong
522,Hong Kong,johnny__to,Hong Kong
523,Hong Kong,elihanaelia,Hong Kong
524,Hong Kong,lyricsthings,Hong Kong
525,Hong Kong,innarhighfield,Hong Kong
526,Hong Kong,chanjanis,Hong Kong
527,Hong Kong,mytvsuper,Hong Kong
528,Hong Kong,phoebedreamy,Hong Kong
529,Hong Kong,bluepongpong,Hong Kong
530,Hong Kong,nirmal_sewda,Hong Kong
531,Hong Kong,jessicawong_wt,Hong Kong
532,Hong Kong,angelaliuy,Hong Kong
533,Hong Kong,phoebspang,Hong Kong
534,Hong Kong,kabeecheung,Hong Kong
535,Hong Kong,graceip,Hong Kong
536,Hong Kong,twinshk,Hong Kong
537,Hong Kong,travelnphoto,Hong Kong
538,Hong Kong,hebechan0510,Hong Kong
539,Hong Kong,jaysley,Hong Kong
540,Hong Kong,yeungyatka,Hong Kong
541,Hong Kong,pepecrabs,Hong Kong
542,Hong Kong,dude_clothing,Hong Kong
543,Hong Kong,leoball,Hong Kong
544,Hong Kong,honam.thehusky,Hong Kong
545,Hong Kong,hebeau,Hong Kong
546,Hong Kong,sandytooooo,Hong Kong
547,Hong Kong,drwilliamlo,Hong Kong
548,Hong Kong,fungpoyan,Hong Kong
549,Hong Kong,grandmama.store,Hong Kong
550,Hong Kong,ntl.fung,Hong Kong
551,United Kingdom,our.daily.hk,United Kingdom
552,Hong Kong,llokmann,Hong Kong
553,Japan,asahina_aya,Japan
554,Unknown,jacquelinewong0205,Unknown
555,Hong Kong,bakedindulgence,Hong Kong
556,Unknown,licharlia,Unknown
557,Unknown,vivicheung_runner,Unknown
558,Unknown,crystalyannie,Unknown
559,Unknown,tiffanyxtyc,Unknown
560,Unknown,valeriesyw,Unknown
561,Unknown,occasionspr,Unknown
562,Unknown,sonyaaa_ly,Unknown
563,Hong Kong,heidi_fpdrawings.hk,Hong Kong
564,Unknown,saffiesaffie,Unknown
565,Unknown,myl31666,Unknown
566,Unknown,xmini.official,Unknown
567,Japan,vocemagazine,Japan
568,Unknown,jerry_liu,Unknown
569,Unknown,rona.tsui,Unknown
570,Unknown,blissmeetingfilm,Unknown
571,Unknown,davezhangphoto,Unknown
572,Not shared,ameyummycollection,Not shared
573,Unknown,oneone.siu,Unknown
574,Unknown,ww917,Unknown
575,France,claudiepierlot,France
576,Unknown,maverick_au,Unknown
577,Unknown,dydybbbb,Unknown
578,United States,ellagross,United States
579,Unknown,thewavehk,Unknown
580,Unknown,boboy831,Unknown
581,Unknown,model_sweet02,Unknown
582,Unknown,jillieong,Unknown
583,Hong Kong,albee_be,Hong Kong
584,Unknown,francois.delaire,Unknown
585,United Kingdom,theworlds50best,United Kingdom
586,United States,chefsroll,United States
587,United States,theartofplating,United States
588,Russia,bmb_bakery,Russia
589,France,guillaumemabilleau,France
590,Russia,tortikannuchka,Russia
591,France,cedricgrolet,France
592,United States,sophiachang,United States
593,United States,heyclaire,United States
594,Hong Kong,bake.your.own,Hong Kong
595,Unknown,coffeecmakeup,Unknown
596,Unknown,tsetakhim,Unknown
597,Unknown,wuyanching,Unknown
598,Unknown,polocyl,Unknown
599,Hong Kong,minimoofashion,Hong Kong
600,Unknown,renefurtererhk,Unknown
601,Unknown,theyeechoo,Unknown
602,Unknown,santiagokwok12,Unknown
603,Unknown,bowiechoibuiyi,Unknown
604,Unknown,rachellyt,Unknown
605,Unknown,patrickng06,Unknown
606,Unknown,phyleefehleh,Unknown
607,Unknown,yeunganne,Unknown
608,Unknown,kellustration,Unknown
609,Unknown,w___toko,Unknown
610,Unknown,tanya.tintin,Unknown
611,Japan,nozomisasaki_official,Japan
612,Malaysia,chloeleongg_,Malaysia
613,Italy,kikomilano,Italy
614,United States,playmaker,United States
615,Not shared,rimazeidan51,Not shared
616,Thailand,birdieparva,Thailand
617,Unknown,baibaihe_yep,Unknown
618,Belgium,yangyangfavour,Belgium
619,Unknown,boo_chong,Unknown
620,Indonesia,refife.official,Indonesia
621,Unknown,thefoodpunch,Unknown
622,Unknown,needatajkhan,Unknown
623,Philippines,melvinjohnrodas,Philippines
624,China,margaretzhang,China
625,Not shared,haiirplay,Not shared
626,Unknown,gedition.co,Unknown
627,Unknown,miyeonjj,Unknown
628,Unknown,_chellechan,Unknown
629,Hong Kong,c_allstar,Hong Kong
630,South Korea,kyo1122,South Korea
631,Unknown,axleviolet,Unknown
632,United Kingdom,davidbeckham,United Kingdom
633,United States,janetagram,United States
634,Unknown,dannysummermusic,Unknown
635,Turkey,tarikedizofficial,Turkey
636,United States,victoriassecret,United States
637,Unknown,maybemeii,Unknown
638,Japan,ellirose,Japan
639,Hong Kong,minchen333,Hong Kong
640,Macau,manner__official,Macau
641,Hong Kong,jjackielauu,Hong Kong
642,Unknown,siuhinng,Unknown
643,Unknown,hkfoodie_lifestyle,Unknown
644,Taiwan,esther_xinti,Taiwan
645,Unknown,bonnieyiuu,Unknown
646,Unknown,felicetrips,Unknown
647,Unknown,seeing2sea,Unknown
648,Hong Kong,limankit_lizli,Hong Kong
649,Unknown,missjelly,Unknown
650,Unknown,yellowhk_ig,Unknown
651,Unknown,unseen,Unknown
652,Unknown,kwcmh,Unknown
653,Singapore,benz_hui,Singapore
654,Unknown,yancychu,Unknown
655,Unknown,cherrymeme__,Unknown
656,Hong Kong,rosinalam,Hong Kong
657,Hong Kong,mensunohk,Hong Kong
658,Unknown,dreamy_touch,Unknown
659,Hong Kong,solvilettitusofficial,Hong Kong
660,Unknown,greenmonday.david,Unknown
661,Unknown,torontofoodvibes,Unknown
662,Sweden,danielwellington,Sweden
663,Unknown,vivihk_official,Unknown
664,United States,natgeointhefield,United States
665,Unknown,drcarenyoga,Unknown
666,Netherlands,visubal,Netherlands
667,Unknown,misslilyho,Unknown
668,Unknown,neomusicproduction,Unknown
669,Unknown,sis_official_ig,Unknown
670,Hong Kong,tyreseakf,Hong Kong
671,Unknown,simon_c,Unknown
672,Hong Kong,plasticthing,Hong Kong
673,Taiwan,kaikaiko,Taiwan
674,Unknown,bowiecheungx,Unknown
675,Japan,nigo,Japan
676,Unknown,lexituan,Unknown
677,Unknown,tysonchak,Unknown
678,Hong Kong,vvyeo,Hong Kong
679,Unknown,cherryhui0925,Unknown
680,Hong Kong,mangielo,Hong Kong
681,Unknown,chit_chak,Unknown
682,Hong Kong,iamchoiching,Hong Kong
683,Unknown,joanneyew_,Unknown
684,Unknown,hcfiona,Unknown
685,Hong Kong,lokyi_mui,Hong Kong
686,Unknown,vinaccccccc,Unknown
687,Unknown,wifiegg,Unknown
688,Unknown,callstar.assemble,Unknown
689,Unknown,kerrytachau,Unknown
690,Unknown,helpmesee,Unknown
691,Unknown,tobey.m___,Unknown
692,Unknown,hkprideparade,Unknown
693,Unknown,billy_onstage,Unknown
694,Unknown,apmhk,Unknown
695,Unknown,amy.chai.is.drawing,Unknown
696,United States,clubmonaco,United States
697,Unknown,syanleung,Unknown
698,Unknown,izzue,Unknown
699,Unknown,official.angelahang,Unknown
700,Unknown,showoffhk,Unknown
701,United Kingdom,cosstores,United Kingdom
702,Hong Kong,levis,Hong Kong
703,Unknown,zpecial_hk,Unknown
704,Unknown,smilesproduction,Unknown
705,Unknown,mastamic,Unknown
706,Hong Kong,skechershk,Hong Kong
707,United Kingdom,craigdavid,United Kingdom
708,Unknown,privatezoo,Unknown
709,Unknown,yehyan426,Unknown
710,Unknown,alysonhau,Unknown
711,Unknown,rickysham,Unknown
712,Unknown,bertliu744,Unknown
713,Unknown,asartisticasyou,Unknown
714,Unknown,this.is.1218,Unknown
715,Unknown,sineo_sy,Unknown
716,Unknown,kingyu__,Unknown
717,Hong Kong,agaseen,Hong Kong
718,Unknown,huidi_shi,Unknown
719,Unknown,fen_yuen,Unknown
720,Unknown,mingfai_yick,Unknown
721,Unknown,pelilam,Unknown
722,Unknown,algogo,Unknown
723,Unknown,bennieandmaple,Unknown
724,Unknown,cheungyauyu,Unknown
725,Unknown,brianyuen_chico,Unknown
726,Taiwan,sawadikap__kenny,Taiwan
727,Unknown,chenghao.shih,Unknown
728,Unknown,echodancehk,Unknown
729,Taiwan,willpan23,Taiwan
730,Hong Kong,numberonepr,Hong Kong
731,Unknown,kovischa_,Unknown
732,Hong Kong,bread_bulubulu,Hong Kong
733,Taiwan,jam_cutepig,Taiwan
734,Unknown,welbychung,Unknown
735,United States,jlin7,United States
736,Hong Kong,babyxshadow,Hong Kong
737,Unknown,lokyin_cg,Unknown
738,Unknown,kimmanw,Unknown
739,South Korea,kasper0524,South Korea
740,Taiwan,jolin_cai,Taiwan
741,Unknown,ohkoeboo,Unknown
742,China,gracechowwwww,China
743,United States,layzhang,United States
744,Unknown,edwardmusicproduction,Unknown
745,Unknown,wayne_ky,Unknown
746,Unknown,tingho.zayn,Unknown
747,United States,jawnha,United States
748,United States,_marimadrid,United States
749,United States,kinjaz,United States
750,Hong Kong,kaening,Hong Kong
751,Unknown,facda,Unknown
