ig_id,Category
100mosthk,Art
28kkss,Art
53yfp,Art
6ixty8ight68,Art
79hkartist,Art
903ahjeng,Art
_chellechan,Art
_kisang_,Art
_marimadrid,Art
adapcy,Art
agaseen,Art
agnes.the.foodie,Art
agneswym,Art
ah_hin,Art
ahfavslife,Art
aikonari.art,Art
aimeechan_official,Art
aka_chio,Art
alamfish,Art
albee_be,Art
algogo,Art
aloha6969,Art
alysonhau,Art
amandastrang_,Art
amber.tcy,Art
amberchann46,Art
ameyummycollection,Art
amy.chai.is.drawing,Art
andreaso_,Art
angela.yuen,Art
angelaliuy,Art
angelc_ky,Art
angelchu,Art
angus_cwk,Art
anjaylia,Art
annabella.woo,Art
apmhk,Art
arhosunny,Art
arisa_1010,Art
ariunaa_official,Art
arryuu,Art
asahina_aya,Art
ashaetc,Art
ashinaaa,Art
avabibu,Art
awansauce,Art
babyjohnchoi,Art
babyxshadow,Art
back6645,Art
bake.your.own,Art
bakedindulgence,Art
ballqueen,Art
barrettbott,Art
be_hk,Art
becarefullee,Art
beginneros,Art
bella_lam,Art
bennieandmaple,Art
benz_hui,Art
bertliu744,Art
bestcouple.ten,Art
better.than.sexx,Art
bie_l,Art
billy_onstage,Art
birdieparva,Art
blissmeetingfilm,Art
bludshot,Art
bluegodzi,Art
bluepongpong,Art
bmb_bakery,Art
boboy831,Art
bobsyouruncle1981,Art
bonnieyiuu,Art
boo_chong,Art
bowiecheungx,Art
bowiechoibuiyi,Art
bpressk,Art
bread_bulubulu,Art
brenlui,Art
brianyuen_chico,Art
byeian,Art
c2mwen201999,Art
c4candice,Art
c_allstar,Art
candies_wawa,Art
candy_kamanyuen,Art
captv.hk,Art
carlhoudee,Art
carlosbb,Art
carrie1030,Art
carrielam.hksar,Art
catry,Art
cbbheree,Art
cceciliayeung,Art
cedricgrolet,Art
chakwilliam,Art
chan.tsz.ying,Art
chan_wai_man,Art
chanjanis,Art
chankawoon,Art
chantalebelle,Art
charlie1129999,Art
charmainefong,Art
checkcheckcin,Art
chefsroll,Art
chenchiyiu,Art
chenghao.shih,Art
cheronna,Art
cherrietam,Art
cherrymeme__,Art
cheungstanley,Art
cheungwinghong,Art
cheungyauyu,Art
cheyuenyuen1228,Art
chiangel1110,Art
chingslimeso,Art
chloechenlove,Art
chloeleongg_,Art
choccccc,Art
choisaaaa,Art
choy_ian,Art
christineng,Art
christylaiii,Art
chufune,Art
chuihammer,Art
chungkayanlinda,Art
chungshersher,Art
ciao_kitchen,Art
cissy.pastel,Art
city_sketch,Art
ck.u.chin,Art
claudiepierlot,Art
clubmonaco,Art
coffee89921,Art
cosstores,Art
cotton_ckc,Art
craigdavid,Art
crayon_shinchan1314,Art
crownhill_shoes,Art
crystalfyy,Art
cusonlo,Art
cynthia.m.s,Art
danielwellington,Art
dannysummermusic,Art
davidbeckham,Art
dearjaneofficial,Art
di2da,Art
ding_2,Art
dino_hira,Art
discoverhongkong,Art
do_do_cheng,Art
dorothyma,Art
dou6lei5syu1,Art
dr_maret_lee,Art
dreamsmountain_,Art
dreamy_touch,Art
drwilliamlo,Art
dulahoop12,Art
dydybbbb,Art
easttouchhk,Art
edanlui,Art
eddie_ilovefood777,Art
educational_innovations,Art
edwinsiu,Art
elaine_yiu,Art
elannek930,Art
elena1201,Art
elenakongmayyee,Art
elihanaelia,Art
ellagross,Art
elleeec,Art
ellirose,Art
em_____________,Art
emilylam.ho,Art
emilyszemei,Art
emjay_bymichaelsmith,Art
equeen1113,Art
esquirehk,Art
esteelauder_hk,Art
esther_xinti,Art
explore_hongkong,Art
f.o.v_,Art
facda,Art
falachenfala,Art
farhanfirms,Art
feannasswag,Art
fhproductionhk,Art
fionavibes,Art
fit1world,Art
fiveson5,Art
florinda.ho,Art
foodartproject,Art
footballnewsexpress,Art
francois.delaire,Art
fredcheng83,Art
fungblackandwhite,Art
fungpoyan,Art
garyveechinese,Art
gedition.co,Art
georgiakategordon,Art
gigi_ggggg,Art
ginleeginlee,Art
goodasgoldliving,Art
gracechowwwww,Art
graceip,Art
grandmama.store,Art
greenmonday.david,Art
guillaumemabilleau,Art
guruhung,Art
gwendolyn.spot,Art
haiirplay,Art
hailey_jane,Art
hakkaphil,Art
hamida_khatoon_official,Art
happykzee,Art
harbourcity,Art
harimaolee,Art
harpersbazaarhk,Art
hcfiona,Art
hebeau,Art
hebechan0510,Art
heidi_fpdrawings.hk,Art
helpmesee,Art
herachann,Art
heungheungeliza,Art
hey.luxury,Art
heyclaire,Art
hifivehk,Art
hinrylau_music,Art
hinscheung,Art
hkcropcircle,Art
hkdisneyland,Art
hkfoodtalk,Art
hkppltravell,Art
hktvbfan,Art
hoccgoomusic,Art
hoi1218,Art
honam.thehusky,Art
honganc,Art
hongkong.insta,Art
hongkong_doll,Art
hongkongpoliceforce,Art
huidi_shi,Art
hungcl,Art
iam.manson,Art
iamkingjer,Art
iancychan,Art
iloveqq,Art
immark_ig,Art
inarosca_,Art
inez_leong,Art
ipsvipclub,Art
irinateting,Art
izzue,Art
jacechw,Art
jackhero5,Art
jackwu823,Art
jacquelinewong0205,Art
jadelamm,Art
jaer_tattoo,Art
jam_cutepig,Art
jameswnc,Art
jan.tse,Art
janetagram,Art
janetchowkawai,Art
janice_vidal,Art
jawnha,Art
jaysley,Art
jenniferyuuu,Art
jerry_liu,Art
jessicahsuan_official,Art
jessicawong_wt,Art
jillieong,Art
jimyan,Art
jjackielauu,Art
jlin7,Art
joanneyew_,Art
joannyle,Art
joelshanchung,Art
joeythyee,Art
joeyyysze,Art
jolin_cai,Art
jordan_tcm,Art
judy.kwong,Art
julian_taraa,Art
jumbotsang,Art
jungraphy_,Art
jwchubz,Art
jwomusic,Art
kaaying219,Art
kaening,Art
kaikaiko,Art
kakikakileung,Art
kamchi_chan,Art
kandybubu,Art
karena_ngs,Art
karl_ting,Art
karliechung,Art
kasin520,Art
kasper0524,Art
kathychow520,Art
kayan.c,Art
kayanyanc,Art
kb_kevinboy,Art
kellychenwailam,Art
kelvin_yuen_,Art
kerrytachau,Art
keung_show,Art
kevinsamuelmpg,Art
keyforfood,Art
kibongesexy,Art
kikitamkiki,Art
kikoleungyan,Art
kikomilano,Art
kimi_chiuchiu,Art
king_mcwhorter,Art
kingymak,Art
kingyu__,Art
kinjaz,Art
kirbysau,Art
kitling_,Art
kitling_chan,Art
kittyyuen,Art
kiwichingg,Art
kkc_ky,Art
konniecrab,Art
kwcmh,Art
kyliejennersoutfit,Art
kyo1122,Art
laiwinki,Art
lam1hey,Art
lam2,Art
lamlamjessie,Art
lamtszsin413,Art
lauchunhim.terrance,Art
laurinda_ho,Art
lawjoey,Art
lawrenceng_1999,Art
layzhang,Art
leannefu_1027,Art
lee.chuen,Art
leekwunyu,Art
leemaishun,Art
lennayeung,Art
leoball,Art
leoku,Art
leungmo,Art
leungpakkin,Art
levis,Art
lexituan,Art
lgvietnam,Art
licharlia,Art
lidi_k,Art
lightisthenight,Art
liliankan,Art
lily_wong_0703,Art
lilybethxchen,Art
lingchengg,Art
littlemsfoodie,Art
llh.story,Art
llokmann,Art
loktungcilla,Art
lokyi_mui,Art
lokyilai,Art
lokyin_cg,Art
lookrightt,Art
loui5ng,Art
lovestoryhk,Art
lqamy,Art
lsb.co,Art
ltmptofficial,Art
lukhoo,Art
lvlvlcy,Art
ly_joxx,Art
lynnx1010,Art
ma_chun_wai,Art
maanavihomes,Art
maboboma,Art
magiclouisyan,Art
mai.journal,Art
mak_cheung_ching,Art
malisheep,Art
mamamamarket,Art
mandieskwok,Art
mangielo,Art
manner__official,Art
manyeeb,Art
margaretzhang,Art
mastamic,Art
matthew_hkp,Art
mayaoo,Art
maybemeii,Art
mcheung1201,Art
mechann_,Art
meendeenjinggung,Art
meethkcom,Art
mei_ytbbbb,Art
melomelojai,Art
melvinjohnrodas,Art
mensunohk,Art
michele_monique_reis,Art
michellewsn,Art
mikiyeung,Art
mikymanman,Art
minchen333,Art
mingfai_yick,Art
mingjai14,Art
minimoofashion,Art
misha_shia,Art
misselvani,Art
missjelly,Art
missjni,Art
misslilyho,Art
miyeonjj,Art
mmmorganxz,Art
moannaxdessire,Art
moeenkhanworld,Art
moonieckm,Art
moviematic,Art
msbonnieleung,Art
myl31666,Art
myprincessyoyo,Art
mytvsuper,Art
mzcca0.16,Art
nabwork,Art
naminamiting,Art
natgeointhefield,Art
needatajkhan,Art
neomusicproduction,Art
neoyau19,Art
newmondayplus,Art
nigo,Art
nikehkg,Art
ninabb66,Art
no3l,Art
no7,Art
nokkymerszei,Art
nomundodapaula,Art
nozomisasaki_official,Art
ntl.fung,Art
nwuuu,Art
occasionspr,Art
odyleung,Art
off____white____hongkong,Art
official.angelahang,Art
ohkoeboo,Art
omgbasketball_hk,Art
oneone.siu,Art
oonatashaoo,Art
oops_coconut,Art
orlinskishop,Art
our.daily.hk,Art
owencheung,Art
paisleyhu,Art
pamelacheung,Art
pangliu,Art
pantinka,Art
patrickng06,Art
paulgoor,Art
pelilam,Art
pepecrabs,Art
phoebedreamy,Art
phoebspang,Art
phyleefehleh,Art
pinkicon_shop,Art
plasticthing,Art
playmaker,Art
playmmo,Art
playstationhk,Art
polly.cpl,Art
poortravellers,Art
popsalehk,Art
princesshouseee_,Art
puinam,Art
rabeeayeung,Art
rachellyt,Art
rahrahsong,Art
rainkywai,Art
rambler15,Art
raywychin,Art
realbasketballcoach,Art
reererre,Art
refife.official,Art
regenc,Art
reginahyt,Art
renciysw,Art
rene_superawesome,Art
renefurtererhk,Art
rickykazaf,Art
rickysham,Art
rikkolee,Art
rimazeidan51,Art
rona.tsui,Art
rosamundkwan,Art
rosekwok365,Art
roserosemama,Art
rosinalam,Art
rositakpyy,Art
roxannetong,Art
rucochan,Art
ryanlau88,Art
sabrinapingping_,Art
saffiesaffie,Art
sammi_chengsauman,Art
sammkoling,Art
samstailor,Art
sandrangky,Art
sandytooooo,Art
santiagokwok12,Art
saraahshum,Art
sassyhongkong,Art
sawadikap__kenny,Art
saxyphil,Art
scarlett328,Art
second_kill,Art
seeing2sea,Art
shamshirley,Art
shangrilayt,Art
sharonchanmanchi,Art
she.c0m,Art
sheepyjoycetang,Art
sheryl_leung,Art
shinkongo,Art
sidebyside_solvency,Art
simon.diplomacy,Art
simon_c,Art
sineo_sy,Art
siuhinng,Art
sixtycents,Art
skechershk,Art
slime3d,Art
snappy_hk,Art
sofiee_ng,Art
solvilettitusofficial,Art
some2some_,Art
sonyaaa_ly,Art
sophiachang,Art
sophibae,Art
sophieysm,Art
sosouwithlove,Art
stefanwch,Art
stephanie_cheng,Art
stephaniehsau,Art
straightblast5,Art
strawberryicy,Art
suechangg,Art
sulinip,Art
sumsum_dessert,Art
sweetymagic_hk,Art
syanleung,Art
szekikk,Art
szetosifu,Art
takanashi_hanariv3v,Art
tanya.tintin,Art
tarikedizofficial,Art
tavia_yeung,Art
teodorta,Art
terencelam0903,Art
theartofplating,Art
thewavehk,Art
theworlds50best,Art
tiffanyxtyc,Art
timeouthk,Art
tinaaaminat,Art
tingho.zayn,Art
tinming7471,Art
tinyuilee,Art
tofuyiuuuu,Art
torontofoodvibes,Art
torres_pit,Art
tortikannuchka,Art
tosiukiu,Art
tracytschu,Art
travelnphoto,Art
tsesaipei,Art
tsetakhim,Art
tungtungdess,Art
tv5manila,Art
twinshk,Art
txocreative,Art
tyreseakf,Art
tysonchak,Art
uglykwan,Art
ulifestylehk,Art
umagazinehk,Art
unclesiuenglish,Art
utravel,Art
valeriesyw,Art
verbeeshiu,Art
victoriassecret,Art
vinaccccccc,Art
vincychan,Art
visubal,Art
viutv,Art
vivi_vivianlaw,Art
vivianchowwaiman,Art
vivivvtam,Art
vnthota,Art
vocemagazine,Art
vvyeo,Art
w.ballade,Art
w___toko,Art
wayne_ky,Art
weekendweekly,Art
welbychung,Art
westtung,Art
whitney.hui,Art
wifiegg,Art
willpan23,Art
wingshya,Art
wingt,Art
wingyi127,Art
winwinchan,Art
wiyona,Art
wolf_ytbbbb,Art
wong_manman,Art
wongcandy,Art
wonghoyinraymond,Art
wongmanyik,Art
wongtsuiyu,Art
wongyuenb,Art
wuyanching,Art
ww917,Art
wyc_wallace_v3v,Art
wysminnie,Art
xeniachong,Art
xoxofei,Art
yacouoff,Art
yan512,Art
yancychu,Art
yangyangfavour,Art
yanyan_c,Art
yehyan426,Art
yeunganne,Art
yeunghatou,Art
yeungyatka,Art
yogachung,Art
yuen_man_kit,Art
yuenchingfung,Art
yukimaryrosel,Art
yylamjayden,Art
zaak6naam4,Art
zaina_sze,Art
zelia,Art
ziyachiang,Art
zoeso0930,Art
zozotam1o1o,Art
zpecial_hk,Art
as1.entertainment,Acting/Media
privatezoo,Acting/Media
showoffhk,Acting/Media
afterschool_hk,Education
coffeecmakeup,Beauty
callstar.assemble,Music
edwardmusicproduction,Music
iamchoiching,Music
kimmanw,Music
mansonvibes,Music
dimdim1125,Travel
kellustration,Travel
limankit_lizli,Travel
mr_n_mrs_moon,Travel
polocyl,Travel
this.is.1218,Travel
asartisticasyou,Education
beaconcollegehk,Education
cookingsiulam,Education
iamkennethlau,Education
